LOJAS DO SLZ E MA ;;LOJAS SLZ;;LOJAS PARÁ;;LOJAS MA
HIPERMERCADO MATEUS BALSAS;;SUPERMERCADO MATEUS COHAB;;SUPERMERCADO MATEUS CASTANHAL;;HIPERMERCADO MATEUS BALSAS
SUPERMERCADO MATEUS RUA CEARÁ;;SUPERMERCADO MATEUS COHAMA;;SUPERMERCADO MATEUS JARDELANDIA;;SUPERMERCADO MATEUS RUA CEARÁ
SUPERMERCADO MATEUS SANTA INÊS;;SUPERMERCADO MATEUS TURUZINHO;;MIX ATACAREJO BELEM;;SUPERMERCADO MATEUS SANTA INÊS
SUPERMERCADO MATEUS GOIAS;;SUPERMERCADO MATEUS CIDADE OPERARIA;;SUPERMERCADO MATEUS MARAMBAIA;;SUPERMERCADO MATEUS GOIAS
SUPERMERCADO MATEUS COHAB;;SUPERMERCADO MATEUS RIO ANIL SHOPPING;;SUPERMERCADO MATEUS MAGUARI;;SUPERMERCADO MATEUS AÇAILÂNDIA
SUPERMERCADO MATEUS COHAMA;;SUPERMERCADO MATEUS CALHAU;;MIX ATACAREJO CASTANHAL;;MIX ATACAREJO CHAPADINHA
SUPERMERCADO MATEUS TURUZINHO;;MIX ATACAREJO TIRIRICAL;;MIX ATACAREJO ABAETETUBA;;SUPERMERCADO MATEUS BARRA DO CORDA
SUPERMERCADO MATEUS CIDADE OPERARIA;;SUPERMERCADO MATEUS COHATRAC I;;MIX ATACAREJO MARITUBA;;SUPERMERCADO MATEUS PRESIDENTE DUTRA
SUPERMERCADO MATEUS RIO ANIL SHOPPING;;SUPERMERCADO MATEUS SHOPPING DA ILHA;;SUPERMERCADO MATEUS BARCARENA;;MIX ATACAREJO BABAÇULÂNDIA
SUPERMERCADO MATEUS AÇAILÂNDIA;;MIX ATACAREJO VINHAIS;;MIX ATACAREJO PEDREIRA;;MIX ATACAREJO BACABAL
SUPERMERCADO MATEUS CALHAU;;SUPERMERCADO MATEUS CAJAZEIRAS;;MIX ATACAREJO CAPANEMA;;MIX ATACAREJO PEDREIRAS
MIX ATACAREJO TIRIRICAL;;SUPERMERCADO MATEUS TURU;;MIX ATACAREJO COQUEIRO;;MIX ATACAREJO AÇAILÂNDIA
SUPERMERCADO MATEUS COHATRAC I;;MIX ATACAREJO JARDIM TROPICAL;;MIX ATACAREJO CIDADE NOVA;;MIX ATACAREJO SANTA INÊS
SUPERMERCADO MATEUS SHOPPING DA ILHA;;SUPERMERCADO MATEUS BACANGA;;;;MIX ATACAREJO BACURI
MIX ATACAREJO VINHAIS;;SUPERMERCADO MATEUS PATIO NORTE SHOPPING;;;;MIX ATACAREJO BALSAS
SUPERMERCADO MATEUS CAJAZEIRAS;;HIPER MATEUS RENASCENÇA;;;;MIX ATACAREJO TAMANDARE
SUPERMERCADO MATEUS TURU;;MIX ATACAREJO MAIOBÃO;;;;MIX ATACAREJO BARRA DO CORDA
MIX ATACAREJO JARDIM TROPICAL;;MIX ATACAREJO JOÃO PAULO;;;;MIX ATACAREJO PINHEIRO
SUPERMERCADO MATEUS BACANGA;;SUPERMERCADO MATEUS ANIL;;;;SUPERMERCADO MATEUS CODÓ
SUPERMERCADO MATEUS PATIO NORTE SHOPPING;;SUPERMERCADO METEUS COHATRAC;;;;SUPERMERCADO MATEUS MAIOBAO
HIPER MATEUS RENASCENÇA;;SUPERMERCADO MATEUS CURVA DO 90;;;;SUPERMERCADO MATEUS BURITICUPU
MIX ATACAREJO CHAPADINHA;;MIX ATACAREJO DANIEL DE LA TOUCHE;;;;SUPERMERCADO CAMIÑO AVENIDA CATULO
SUPERMERCADO MATEUS BARRA DO CORDA;;MIX ATACAREJO ARACAGY;;;;SUPERMERCADO CAMIÑO FLORA RICA
SUPERMERCADO MATEUS PRESIDENTE DUTRA;;MIX ATACAREJO FORQUILHA;;;;SUPERMERCADO CAMIÑO POTOSI
MIX ATACAREJO BABAÇULÂNDIA;;SUPERMERCADO CAMIÑO REC VINHAIS;;;;SUPERMERCADO CAMIÑO ESTREITO
MIX ATACAREJO BACABAL;;SUPERMERCADO CAMIÑO ANJO DA GUARDA;;;;SUPERMERCADO CAMIÑO ROSARIO
MIX ATACAREJO PEDREIRAS;;SUPERMERCADO CAMIÑO MAIOBÃO;;;;SUPERMERCADO CAMIÑO ARARI
MIX ATACAREJO AÇAILÂNDIA;;SUPEMERCADO CAMIÑO SÃO CRISTOVÃO;;;;SUPERMERCADO CAMIÑO LAGO DA PEDRA
MIX ATACAREJO SANTA INÊS;;SUPERMERCADO CAMIÑO MARANHÃO NOVO;;;;SUPERMERCADO CAMIÑO SANTA RITA
MIX ATACAREJO BACURI;;SUPERMERCADO CAMIÑO ITAPIRACO;;;;SUPERMERCADO CAMIÑO RUA CORONEL PEDRO
MIX ATACAREJO MAIOBÃO;;SUPERMERCADO CAMIÑO SÃO BERNARDO;;;;SUPERMERCADO CAMIÑO CAROLINA
MIX ATACAREJO BALSAS;;SUPERMERCADO CAMIÑO DIVINEIA;;;;SUPERMERCADO CAMIÑO VIANA
MIX ATACAREJO TAMANDARE;;SUPERMERCADO CAMIÑO SÃO JOSÉ DE RIBAMAR;;;;SUPERMERCADO CAMIÑO BARREIRINHAS
MIX ATACAREJO JOÃO PAULO;;SUPERMERCADO CAMIÑO PARQUE VITORIA;;;;SUPERMERCADO CAMIÑO COROATÁ
MIX ATACAREJO BARRA DO CORDA;;;;;;SUPERMERCADO CAMIÑO CARCARÁ
MIX ATACAREJO PINHEIRO;;;;;;SUPERMERCADO CAMIÑO GRAJAU
SUPERMERCADO MATEUS ANIL;;;;;;SUPERMERCADO CAMIÑO MIRANDA DO NORTE
SUPERMERCADO METEUS COHATRAC;;;;;;SUPERMERCADO CAMIÑO ITAPECURU
SUPERMERCADO MATEUS CODÓ;;;;;;SUPERMERCADO CAMIÑO SANTA LUZIA
SUPERMERCADO MATEUS MAIOBAO;;;;;;SUPERMERCADO CAMIÑO TUTOIA
SUPERMERCADO MATEUS BURITICUPU;;;;;;SUPERMERCADO CAMIÑO ZE DOCA
MIX ATACAREJO ARACAGY;;;;;;SUPERMERCADO CAMIÑO VARGEM GRANDE
MIX ATACAREJO FORQUILHA;;;;;;SUPERMERCADO CAMIÑO VITORINO FREIRE
SUPERMERCADO CAMIÑO AVENIDA CATULO;;;;;;
SUPERMERCADO CAMIÑO FLORA RICA;;;;;;
SUPERMERCADO CAMIÑO POTOSI;;;;;;
SUPERMERCADO CAMIÑO REC VINHAIS;;;;;;
SUPERMERCADO CAMIÑO ANJO DA GUARDA;;;;;;
SUPERMERCADO CAMIÑO MAIOBÃO;;;;;;
SUPEMERCADO CAMIÑO SÃO CRISTOVÃO;;;;;;
SUPERMERCADO CAMIÑO MARANHÃO NOVO;;;;;;
SUPERMERCADO CAMIÑO ITAPIRACO;;;;;;
SUPERMERCADO CAMIÑO ESTREITO;;;;;;
SUPERMERCADO CAMIÑO SÃO BERNARDO;;;;;;
SUPERMERCADO CAMIÑO DIVINEIA;;;;;;
SUPERMERCADO CAMIÑO ROSARIO;;;;;;
SUPERMERCADO CAMIÑO SÃO JOSÉ DE RIBAMAR;;;;;;
SUPERMERCADO CAMIÑO ARARI;;;;;;
SUPERMERCADO CAMIÑO LAGO DA PEDRA;;;;;;
SUPERMERCADO CAMIÑO SANTA RITA;;;;;;
SUPERMERCADO CAMIÑO RUA CORONEL PEDRO;;;;;;
SUPERMERCADO CAMIÑO CAROLINA;;;;;;
SUPERMERCADO CAMIÑO VIANA;;;;;;
SUPERMERCADO CAMIÑO BARREIRINHAS;;;;;;
SUPERMERCADO CAMIÑO COROATÁ;;;;;;
SUPERMERCADO CAMIÑO CARCARÁ;;;;;;
SUPERMERCADO CAMIÑO GRAJAU;;;;;;
SUPERMERCADO CAMIÑO MIRANDA DO NORTE;;;;;;
SUPERMERCADO CAMIÑO ITAPECURU;;;;;;
SUPERMERCADO CAMIÑO SANTA LUZIA;;;;;;
SUPERMERCADO CAMIÑO TUTOIA;;;;;;
SUPERMERCADO CAMIÑO ZE DOCA;;;;;;
SUPERMERCADO CAMIÑO VARGEM GRANDE;;;;;;
SUPERMERCADO CAMIÑO VITORINO FREIRE;;;;;;
